100,Malik Q. Shannon,10-11-1988,malik@example.com,Oberosterreich,
101,Justina P. Hall,22-10-1976,justina@example.com,Salzburg,
102,Jayme Finch,05-08-1965,jayme@example.com,Vienna,
103,Ashton Curry,06-04-1995,ashton@example.com,Tirol,103
104,Caryn Chaney,30-12-1961,caryn@example.com,Karnten,
105,Nomlanga M. Hughes,09-09-1975,nomlanga@example.com,Niederosterreich,
106,Colby Todd,17-12-1996,colby@example.com,Burgenland,
107,Josiah L. King,26-05-1995,josiah@example.com,Salzburg,103
108,Amela Benjamin,24-02-1971,amela@example.com,Burgenland,
109,Jada Reilly,01-07-1989,jada@example.com,Steiermark,
110,Luke Wheeler,11-03-1967,luke@example.com,Karnten,
111,Baxter Goodwin,12-11-1961,baxter@example.com,Tirol,
112,Winifred Dunn,14-07-1967,winifred@example.com,Vienna,
113,Blair L. Beach,12-03-2001,blair@example.com,Vienna,
114,Sydnee I. Hinton,22-06-1962,sydnee@example.com,Tirol,
115,Hasad H. Slater,22-12-1980,hasad@example.com,Salzburg,
116,Barclay F. Carney,21-04-1991,barclay@example.com,Steiermark,
117,Dexter P. Marquez,30-01-1994,dexter@example.com,Salzburg,
118,Rhoda Pena,25-03-1983,rhoda@example.com,Steiermark,
119,Madison T. Manning,03-02-2000,madison@example.com,Niederosterreich,
120,Madeson Compton,09-12-1968,madeson@example.com,Vienna,
121,Deborah Curry,25-02-1974,deborah@example.com,Burgenland,
122,Beverly Patel,18-06-1979,beverly@example.com,Steiermark,
123,Claire G. Fernandez,19-12-1996,claire@example.com,Tirol,102
124,Yeo Matthews,04-08-1968,yeo@example.com,Karnten,122
125,Wallace N. George,29-03-1998,wallace@example.com,Tirol,124
126,Cassidy Walton,05-12-1964,cassidy@example.com,Vorarlberg,
127,Erich Q. Garza,19-10-1962,erich@example.com,Tirol,
128,Ciaran Z. Kent,25-06-1965,ciaran@example.com,Tirol,115
129,Patricia Baird,17-12-1965,patricia@example.com,Oberosterreich,109
130,Hope Wilkinson,15-06-1984,hope@example.com,Karnten,123
131,Tasha M. Guthrie,15-03-1993,tasha@example.com,Tirol,102
132,Keelie Beasley,20-05-1963,keelie@example.com,Salzburg,124
133,Leroy K. Paul,19-07-1978,leroy@example.com,Burgenland,
134,Rajah Bowen,17-12-1973,rajah@example.com,Burgenland,105
135,Ginger C. Crane,21-05-1968,ginger@example.com,Vorarlberg,115
136,Henry Meyers,26-07-1964,henry@example.com,Salzburg,117
137,Samantha R. Meyers,26-10-1973,samantha@example.com,Niederosterreich,
138,Jacob Thompson,03-12-2000,jacob@example.com,Vienna,
139,Vaughan Orr,09-09-1966,vaughan@example.com,Karnten,111
140,Ulric Burke,14-03-1967,ulric@example.com,Steiermark,
141,Hayes M. Gomez,18-10-1989,hayes@example.com,Karnten,
142,Dawn C. Page,21-06-1990,dawn@example.com,Oberosterreich,
143,Kristen Patterson,13-01-2001,kristen@example.com,Niederosterreich,
144,Brenna Pitts,21-12-1980,brenna@example.com,Vorarlberg,
145,Cedric Montgomery,05-11-1996,cedric@example.com,Vienna,
146,Mufutau E. Rich,07-04-1977,mufutau@example.com,Oberosterreich,
147,Julian N. Reilly,17-10-1981,julian@example.com,Vorarlberg,
148,Akeem Kelly,17-06-1977,akeem@example.com,Vienna,103
149,Lillian E. Shepard,27-08-1965,lillian@example.com,Niederosterreich,
150,Madeson Rivera,08-01-2000,madeson@example.com,Salzburg,113
151,Cade Evans,18-08-1963,cade@example.com,Niederosterreich,
152,Yen Young,09-06-1989,yen@example.com,Vorarlberg,111
153,Sade York,29-06-1970,sade@example.com,Steiermark,
154,Erasmus Y. Terry,10-03-1996,erasmus@example.com,Steiermark,122
155,Carol P. Parks,31-03-1977,carol@example.com,Tirol,
156,Rigel Y. Blair,17-05-2001,rigel@example.com,Niederosterreich,135
157,Yael D. Moss,16-04-1971,yael@example.com,Vorarlberg,
158,Oren Horton,08-08-1969,oren@example.com,Salzburg,
159,Fleur T. Barron,01-11-1975,fleur@example.com,Vienna,103
160,Cora B. Singleton,12-04-1985,cora@example.com,Tirol,135
161,Serena N. York,05-04-1985,serena@example.com,Vienna,
162,Robin R. Joyce,03-10-1971,robin@example.com,Steiermark,133
163,Angelica L. Stevens,16-09-1960,angelica@example.com,Niederosterreich,
164,Lilah J. Hensley,07-04-1963,lilah@example.com,Salzburg,132
165,Jonas Dickerson,03-04-1983,jonas@example.com,Karnten,
166,Maggie L. Gilmore,03-10-1997,maggie@example.com,Niederosterreich,104
167,Evelyn W. Greene,24-02-1997,evelyn@example.com,Tirol,
168,Blake Craig,18-06-1998,blake@example.com,Niederosterreich,
169,Angelica U. Espinoza,02-11-1995,angelica@example.com,Salzburg,160
170,Holly Mcdonald,30-08-1981,holly@example.com,Steiermark,109
171,Lilah I. Albert,29-04-2000,lilah@example.com,Oberosterreich,
172,Neville Santana,17-02-1986,neville@example.com,Salzburg,
173,Gareth L. Sweet,27-10-1991,gareth@example.com,Salzburg,
174,Victoria Howell,09-05-1989,victoria@example.com,Niederosterreich,111
175,Francesca Dillon,23-04-1991,francesca@example.com,Steiermark,169
176,Quintessa Sparks,23-12-1976,quintessa@example.com,Karnten,109
177,Kasimir J. Chaney,03-11-1999,kasimir@example.com,Burgenland,
178,Zoe Downs,18-01-1994,zoe@example.com,Vorarlberg,
179,Risa U. Craig,18-11-1968,risa@example.com,Karnten,
180,Hop Rasmussen,14-08-1985,hop@example.com,Tirol,159
181,Perry T. Cooley,19-04-1993,perry@example.com,Vorarlberg,162
182,Riley Hinton,29-05-1987,riley@example.com,Vienna,
183,Sebastian A. Patton,24-08-1972,sebastian@example.com,Tirol,173
184,Walker J. Bowers,13-02-1999,walker@example.com,Karnten,
185,Kessie Vazquez,27-05-1970,kessie@example.com,Oberosterreich,
186,Tate P. Jimenez,19-11-1994,tate@example.com,Steiermark,113
187,Howard Long,04-05-1970,howard@example.com,Vorarlberg,165
188,Elaine Odom,30-01-1987,elaine@example.com,Burgenland,185
189,Alan J. Green,16-07-1998,alan@example.com,Vienna,
190,Rhiannon F. Ellison,29-03-1979,rhiannon@example.com,Vorarlberg,169
191,Ishmael G. Farley,11-05-1979,ishmael@example.com,Salzburg,169
192,Clayton M. Ramsey,10-10-1975,clayton@example.com,Vorarlberg,117
193,Chanda D. Howard,01-09-1991,chanda@example.com,Karnten,186
194,Nayda R. Richardson,08-11-1974,nayda@example.com,Vorarlberg,
195,Nita Lloyd,17-08-1966,nita@example.com,Vienna,106
196,Callie O. Mcgee,24-03-1996,callie@example.com,Salzburg,
197,Raja Bullock,12-08-1973,raja@example.com,Burgenland,141
198,Kylynn Compton,15-11-1997,kylynn@example.com,Karnten,
199,Yasir Hood,29-03-1982,yasir@example.com,Vorarlberg,157
200,Quynn M. Bowen,21-07-1979,quynn@example.com,Burgenland,141
201,Amos U. Steele,09-07-1960,amos@example.com,Vorarlberg,169
202,Yeo Cardenas,09-04-1966,yeo@example.com,Niederosterreich,
203,Vladimir A. Sexton,21-12-1977,vladimir@example.com,Vorarlberg,
204,Silas E. Pittman,05-12-1989,silas@example.com,Vienna,138
205,Abdul N. Giles,06-05-1966,abdul@example.com,Niederosterreich,176
206,Lacey Sandoval,16-10-1964,lacey@example.com,Vorarlberg,102
207,Rhonda B. Dean,25-11-2000,rhonda@example.com,Salzburg,137
208,Ira B. Garrison,18-04-1967,ira@example.com,Oberosterreich,105
209,Trevor Wilder,13-03-1995,trevor@example.com,Karnten,
210,Idola T. Pena,28-01-1979,idola@example.com,Tirol,139
211,Belle J. Huff,28-09-1983,belle@example.com,Oberosterreich,106
212,Kiayada Peck,10-04-1983,kiayada@example.com,Burgenland,192
213,Tanisha X. Lowe,18-09-1999,tanisha@example.com,Burgenland,180
214,William Harvey,13-05-1997,william@example.com,Niederosterreich,
215,Rajah E. Morrison,03-02-1981,rajah@example.com,Niederosterreich,137
216,Chester Leblanc,05-02-1987,chester@example.com,Vienna,108
217,Zachery Hill,31-12-1986,zachery@example.com,Karnten,
218,Russell Calhoun,16-08-1975,russell@example.com,Oberosterreich,123
219,Amela Bartlett,02-10-1978,amela@example.com,Niederosterreich,170
220,Rooney E. Graham,16-08-1998,rooney@example.com,Vienna,193
221,Gabriel Booker,09-07-1976,gabriel@example.com,Vorarlberg,145
222,MacKensie K. Conway,01-10-1971,mackensie@example.com,Karnten,
223,Cairo Taylor,20-04-1985,cairo@example.com,Vienna,
224,Kendall Shaw,12-03-1980,kendall@example.com,Vorarlberg,196
225,Noelle J. Garrett,05-09-1972,noelle@example.com,Niederosterreich,115
226,Ifeoma Gonzalez,09-04-1974,ifeoma@example.com,Karnten,
227,Margaret Watson,09-11-1978,margaret@example.com,Oberosterreich,
228,Courtney Bradshaw,05-02-1984,courtney@example.com,Tirol,112
229,Nita Flowers,18-11-1972,nita@example.com,Steiermark,227
230,Alice Q. Walters,06-11-2000,alice@example.com,Vorarlberg,
231,Aubrey K. Wilson,04-10-1995,aubrey@example.com,Karnten,200
232,Paki Maldonado,11-01-1973,paki@example.com,Karnten,169
233,Jada O. Douglas,16-12-1983,jada@example.com,Vienna,224
234,Keegan Drake,01-03-1976,keegan@example.com,Niederosterreich,
235,Coby G. Gardner,09-07-1984,coby@example.com,Karnten,220
236,Ashton Y. Ayala,21-02-1961,ashton@example.com,Tirol,154
237,Ishmael Whitaker,19-06-2001,ishmael@example.com,Tirol,170
238,Timothy Q. Maynard,03-06-1982,timothy@example.com,Vienna,215
239,Xaviera Oneal,21-09-1966,xaviera@example.com,Karnten,108
240,Zelda Mcdowell,09-11-1986,zelda@example.com,Steiermark,
241,Geoffrey Webster,07-02-1994,geoffrey@example.com,Niederosterreich,162
242,Reuben Z. Dale,08-03-1973,reuben@example.com,Burgenland,125
243,Malachi Langley,16-06-1967,malachi@example.com,Vienna,
244,Myles Butler,05-10-1977,myles@example.com,Vienna,196
245,Clayton C. Waters,06-10-2000,clayton@example.com,Tirol,190
246,Blair Salazar,03-04-1986,blair@example.com,Vienna,155
247,Kaseem D. Marquez,17-08-1974,kaseem@example.com,Salzburg,111
248,Charissa C. Carver,25-02-1983,charissa@example.com,Vorarlberg,146
249,Julie Duran,03-04-1978,julie@example.com,Steiermark,169
250,Demetrius W. Riggs,31-08-1982,demetrius@example.com,Niederosterreich,105
251,Deanna Norris,25-11-1979,deanna@example.com,Burgenland,226
252,Hamish Q. Figueroa,28-07-1974,hamish@example.com,Steiermark,179
253,Lyle York,22-09-1998,lyle@example.com,Tirol,131
254,Amery I. Benjamin,14-07-1974,amery@example.com,Vorarlberg,136
255,Nigel R. Ramsey,26-12-1984,nigel@example.com,Vorarlberg,153
256,Rebecca O. Keller,14-09-1975,rebecca@example.com,Steiermark,
257,Simone Anderson,14-12-1992,simone@example.com,Salzburg,148
258,Upton Maddox,24-07-1963,upton@example.com,Karnten,
259,Joan Z. Velasquez,22-03-1967,joan@example.com,Tirol,167
260,Gage Dodson,26-06-1971,gage@example.com,Salzburg,104
261,Cooper I. Mathis,15-01-1963,cooper@example.com,Karnten,177
262,Tad K. Leblanc,07-07-1977,tad@example.com,Karnten,259
263,Blaze Villarreal,02-02-1980,blaze@example.com,Oberosterreich,170
264,Oren Petersen,03-07-1981,oren@example.com,Burgenland,154
265,Valentine Pittman,13-12-1970,valentine@example.com,Burgenland,151
266,Hollee Morin,21-01-1975,hollee@example.com,Vorarlberg,132
267,Savannah Mcconnell,07-02-1963,savannah@example.com,Oberosterreich,148
268,Velma Y. Mcgee,16-01-1985,velma@example.com,Tirol,255
269,Iola U. Perkins,04-02-1965,iola@example.com,Steiermark,179
270,Quinn W. Thornton,12-03-1984,quinn@example.com,Vorarlberg,182
271,Lacy Newman,11-08-1972,lacy@example.com,Burgenland,173
272,Phyllis A. Dotson,17-04-1963,phyllis@example.com,Steiermark,
273,Jaquelyn Bauer,14-07-1989,jaquelyn@example.com,Vorarlberg,172
274,Tyrone B. Sandoval,28-06-2000,tyrone@example.com,Vienna,239
275,Macon Z. Walker,25-01-1968,macon@example.com,Vorarlberg,161
276,Nita U. Mcintosh,19-05-1985,nita@example.com,Burgenland,
277,Mark N. Wiley,29-04-1995,mark@example.com,Karnten,
278,Skyler Vaughn,01-02-1980,skyler@example.com,Karnten,144
279,Malik Atkinson,15-02-1966,malik@example.com,Vorarlberg,271
280,Preston Byers,09-09-1974,preston@example.com,Vorarlberg,
281,Nevada U. Carey,13-03-1988,nevada@example.com,Steiermark,134
282,Gil D. Mccullough,04-12-1978,gil@example.com,Oberosterreich,248
283,Yael K. Guerrero,18-12-1997,yael@example.com,Tirol,272
284,Kirk Sweet,02-01-1981,kirk@example.com,Vienna,198
285,Kareem K. Cole,20-09-1970,kareem@example.com,Oberosterreich,
286,Philip W. Howe,02-09-1971,philip@example.com,Vienna,248
287,Shaeleigh Garcia,23-06-1963,shaeleigh@example.com,Tirol,173
288,Fitzgerald W. Guerrero,08-10-1966,fitzgerald@example.com,Niederosterreich,106
289,Russell Castaneda,12-03-1997,russell@example.com,Steiermark,103
290,Price R. Kaufman,14-10-1970,price@example.com,Tirol,127
291,Piper Butler,24-04-1979,piper@example.com,Burgenland,101
292,Ulysses Snider,09-03-1989,ulysses@example.com,Burgenland,275
293,Yvette Chase,07-10-1992,yvette@example.com,Karnten,288
294,Lucy Estes,16-06-1964,lucy@example.com,Salzburg,
295,Iliana G. Sargent,11-03-1997,iliana@example.com,Niederosterreich,208
296,Edan F. Wong,18-06-1969,edan@example.com,Karnten,259
297,Burke O. Logan,08-03-2000,burke@example.com,Steiermark,
298,Zorita W. Holder,13-06-1978,zorita@example.com,Oberosterreich,
299,Justina Kim,26-11-1997,justina@example.com,Salzburg,178
